neighberhood,street
אוניברסיטת בר אילן,דרך אשכול
אוניברסיטת בר אילן,דרך הנשיא הראשון
אוניברסיטת בר אילן,מקס ואנה ווב
"אזור הבילוי""ם",דיין משה
"אזור הבילוי""ם",הבילויים
"אזור הבילוי""ם",הירדן
"אזור הבילוי""ם","הרא""ה"
"אזור הבילוי""ם",שרה אהרונסון
אזור תעשייה ומלאכה,ביאליק
אזור תעשייה ומלאכה,דרך אבא הלל
אזור תעשייה ומלאכה,דרך בגין מנחם
אזור תעשייה ומלאכה,היצירה
אזור תעשייה ומלאכה,תובל
איצטדיון רמת גן,קניון אילון
גני ערמונים,בן אליעזר אריה
גני ערמונים,הירדן
גני ערמונים,הכבאים
גני ערמונים,פנחס
גני ערמונים,ראש פנה
הברושים,גילדסגים
הברושים,מנדס
הברושים,ספיר יוסף
הברושים,עמק האלה
הברושים,קציר
הגפן,דרך אבא הלל
הגפן,הגפן
הגפן,הדר
הגפן,המבדיל
הגפן,ז'בוטינסקי
הגפן,חרות
הגפן,מורדי הגטאות
הגפן,רוקח
הלל,דרך בן גוריון דוד
הלל,הגלגל
הלל,המיתר
הלל,"הרא""ה"
הלל,חיבת ציון
הפארק הלאומי,ברנשטיין פרץ
הפארק הלאומי,נשיאי ישראל
הפארק הלאומי,רזיאל
הפארק הלאומי,שד' בן צבי
הפארק הלאומי,"שז""ר"
יד לבנים,חיבת ציון
יד לבנים,מוריה
יד לבנים,עציון
יד לבנים,צל הגבעה
יד לבנים,שד' ירושלים
"כפר אז""ר",בן גוריון
"כפר אז""ר",ה' באייר
"כפר אז""ר",הנחל
"כפר אז""ר",העצמאות
"כפר אז""ר","צה""ל"
כפר המכביה,ברנשטיין פרץ
כפר המכביה,נשיאי ישראל
כפר המכביה,רזיאל
כפר המכביה,שד' בן צבי
כפר המכביה,"שז""ר"
מרום נווה,דרך נגבה
מרום נווה,הגאון אליהו
מרום נווה,לנדאו חיים
מרום נווה,מאיר בעל הנס
מרום נווה,מולכו
מרום נווה,מיכאל
מרום נווה,רימלט אלימלך
מרום נווה,שד' ירושלים
מרום נווה,תרצה
מרכז רפואי ע''ש שיבא,גילדסגים
מרכז רפואי ע''ש שיבא,עמק האלה
מרכז רפואי ע''ש שיבא,עמק הארזים
מרכז רפואי ע''ש שיבא,קציר
מתחם הבורסה,ביאליק
מתחם הבורסה,דרך אבא הלל
מתחם הבורסה,דרך בגין מנחם
מתחם הבורסה,היצירה
מתחם הבורסה,תובל
מתחם נגבה,דרך נגבה
מתחם נגבה,"החי""ל"
מתחם נגבה,הירדן
מתחם נגבה,"הרא""ה"
מתחם נגבה,טרומן
נווה אפעל,ארגמן
נווה אפעל,הרדוף
נווה אפעל,שד' האורנים
נווה אפעל,שד' הארזים
נווה אפעל,שד' הברושים
נווה יהושע,ארנון
נווה יהושע,בן אליעזר אריה
נווה יהושע,האם
נווה יהושע,הירדן
נווה יהושע,נוה יהושע
נחלת גנים,דרך אבא הלל
נחלת גנים,דרך בן גוריון דוד
נחלת גנים,העמל
נחלת גנים,הפודים
נחלת גנים,ז'בוטינסקי
נחלת גנים,סביון
נחלת גנים,סוקולוב
נחלת גנים,"רש""י"
ספארי,ברנשטיין פרץ
ספארי,נשיאי ישראל
ספארי,רזיאל
ספארי,שד' בן צבי
ספארי,"שז""ר"
קניון איילון,קניון אילון
קרית בורוכוב,דרך בן גוריון דוד
קרית בורוכוב,דרך יצחק רבין
קרית בורוכוב,יוסף צבי
קרית בורוכוב,עוזיאל
קרית בורוכוב,פבריגט
קרית קריניצי,גילדסגים
קרית קריניצי,מנדס
קרית קריניצי,ספיר יוסף
קרית קריניצי,עמק האלה
קרית קריניצי,קציר
רמת אפעל,ארגמן
רמת אפעל,הרדוף
רמת אפעל,שד' האורנים
רמת אפעל,שד' הארזים
רמת אפעל,שד' הברושים
רמת חן,אלוף דוד
רמת חן,ברנשטיין פרץ
רמת חן,המאה ואחד
רמת חן,עודד
רמת חן,רזיאל
רמת יצחק,אמנון ותמר
רמת יצחק,ברקאי
רמת יצחק,דרך נגבה
רמת יצחק,הגאון אליהו
רמת יצחק,"החי""ל"
רמת יצחק,הירדן
רמת יצחק,"הרא""ה"
רמת יצחק,טרומן
רמת יצחק,לנדאו חיים
רמת יצחק,מיכאל
רמת יצחק,רימלט אלימלך
רמת יצחק,שד' ירושלים
רמת עמידר,"אצ""ל"
רמת עמידר,בן אליעזר אריה
רמת עמידר,דרך התפוצות
רמת עמידר,הגולן
רמת עמידר,ההגנה
רמת עמידר,הרב לנדרס
רמת עמידר,סיירת דוכיפת
רמת שיקמה,אחד העם
רמת שיקמה,הטייסים
רמת שיקמה,יהושפט
רמת שיקמה,עזריאל
רמת שיקמה,שלם
שיכון המזרחי,בן אליעזר אריה
שיכון המזרחי,דרך נגבה
שיכון המזרחי,הירדן
שיכון המזרחי,ישורון
שיכון המזרחי,פנקס
שיכון הצנחנים,ברנשטיין פרץ
שיכון הצנחנים,נשיאי ישראל
שיכון הצנחנים,רזיאל
שיכון הצנחנים,שד' בן צבי
שיכון הצנחנים,"שז""ר"
שיכון ותיקים,דרך אבא הלל
שיכון ותיקים,המרגנית
שיכון ותיקים,סמדר
שיכון ותיקים,רוקח
שיכון ותיקים,שד' העם הצרפתי
שיכון חרות,הירדן
שיכון חרות,"הרא""ה"
שיכון חרות,השר משה
שיכון חרות,חד נס
שיכון חרות,תל חי
שיכון מזרחי,"אצ""ל"
שיכון מזרחי,בן אליעזר אריה
שיכון מזרחי,הירדן
שיכון מזרחי,פנחס
שיכון מזרחי,ראש פנה
שיכון עילית,אביגיל
שיכון עילית,אנה פרנק
שיכון עילית,ביאליק
שיכון עילית,יהודית
שיכון עילית,רייק חביבה
שיכון עלית,איתמר
שיכון עלית,אסף
שיכון עלית,דרך אבא הלל
שיכון עלית,יואב
שיכון עלית,ות הנהר
שפירא,ארלוזורוב
שפירא,ביאליק
שפירא,דרך אבא הלל
שפירא,דרך בגין מנחם
שפירא,היצירה
שפירא,המתמיד
שפירא,הראשונים
שפירא,שפירא
שפירא,תובל
שפירא,"תרפ""ב"
תל בנימין,ארלוזורוב
תל בנימין,ביאליק
תל בנימין,גלעד
תל בנימין,דרך אבא הלל
תל בנימין,היזמה
תל בנימין,ז'בוטינסקי
תל בנימין,מקדונלד
תל בנימין,תלפיות
תל גנים,דרך בן גוריון דוד
תל גנים,דרך יצחק רבין
תל גנים,יוסף צבי
תל גנים,עוזיאל
תל גנים,פבריגט
תל השומר,גילדסגים
תל השומר,עמק האלה
תל השומר,עמק הארזים
תל השומר,קציר
תל יהודה,אלרואי
תל יהודה,דרך בן גוריון דוד
תל יהודה,"הרא""ה"
תל יהודה,עוזיאל
תל יהודה,שד' ירושלים
תל ליטווינסקי,גילדסגים
תל ליטווינסקי,מנדס
תל ליטווינסקי,ספיר יוסף
תל ליטווינסקי,עמק האלה
תל ליטווינסקי,קציר
